"SamAccountName","Description","OfficePhone","Surname","UserPrincipalName","GivenName","Name","Company","City","Department","DisplayName"
"TEikmeier","Techmentor User","1001","Eikmeier","TEikmeier@company.pri","Tyree","Tyree Eikmeier","Company.com","Chicago","Development","Tyree Eikmeier"
"MStovall","Techmentor User","1002","Stovall","MStovall@company.pri","Myles","Myles Stovall","Company.com","Chicago","Product Development","Myles Stovall"
"SDearring","Techmentor User","1003","Dearring","SDearring@company.pri","Shelby","Shelby Dearring","Company.com","Miami","Product Development","Shelby Dearring"
"LGneiser","Techmentor User","1004","Gneiser","LGneiser@company.pri","Lawerence","Lawerence Gneiser","Company.com","Chicago","Payroll","Lawerence Gneiser"
"CLamborne","Techmentor User","1005","Lamborne","CLamborne@company.pri","Charley","Charley Lamborne","Company.com","Chicago","Maintenance","Charley Lamborne"
"JMarcus","Techmentor User","1006","Marcus","JMarcus@company.pri","Jerald","Jerald Marcus","Company.com","Chicago","Finance Services","Jerald Marcus"
"SLaske","Techmentor User","1007","Laske","SLaske@company.pri","Sergio","Sergio Laske","Company.com","San Diego","Customer Service","Sergio Laske"
"EEssaid","Techmentor User","1008","Essaid","EEssaid@company.pri","Emil","Emil Essaid","Company.com","New York City","Human Resources","Emil Essaid"
"LHoen","Techmentor User","1009","Hoen","LHoen@company.pri","Lance","Lance Hoen","Company.com","San Diego","Manufacturing","Lance Hoen"
"TPalermo","Techmentor User","1010","Palermo","TPalermo@company.pri","Tyree","Tyree Palermo","Company.com","New York City","HR","Tyree Palermo"
"DBarberr","Techmentor User","1011","Barberr","DBarberr@company.pri","Derick","Derick Barberr","Company.com","San Diego","Customer Service","Derick Barberr"
"WMelle","Techmentor User","1012","Melle","WMelle@company.pri","Willis","Willis Melle","Company.com","San Diego","Consumer Affairs","Willis Melle"
"CGoodnough","Techmentor User","1013","Goodnough","CGoodnough@company.pri","Christopher","Christopher Goodnough","Company.com","New York City","Marketing","Christopher Goodnough"
"GKawski","Techmentor User","1014","Kawski","GKawski@company.pri","Gil","Gil Kawski","Company.com","Miami","Executive","Gil Kawski"
"ERepke","Techmentor User","1015","Repke","ERepke@company.pri","Erwin","Erwin Repke","Company.com","San Diego","Engineering","Erwin Repke"
"BLandfried","Techmentor User","1016","Landfried","BLandfried@company.pri","Brandon","Brandon Landfried","Company.com","Chicago","Finance Services","Brandon Landfried"
"ALovejoy","Techmentor User","1017","Lovejoy","ALovejoy@company.pri","Adolfo","Adolfo Lovejoy","Company.com","New York City","Consumer Affairs","Adolfo Lovejoy"
"DLebeau","Techmentor User","1018","Lebeau","DLebeau@company.pri","Daron","Daron Lebeau","Company.com","New York City","Maintenance","Daron Lebeau"
"LBartula","Techmentor User","1019","Bartula","LBartula@company.pri","Laverne","Laverne Bartula","Company.com","Miami","IT","Laverne Bartula"
"TMagin","Techmentor User","1020","Magin","TMagin@company.pri","Toney","Toney Magin","Company.com","New York City","Physical Plant","Toney Magin"
"IVergamini","Techmentor User","1021","Vergamini","IVergamini@company.pri","Irving","Irving Vergamini","Company.com","Chicago","Engineering","Irving Vergamini"
"CBorucki","Techmentor User","1022","Borucki","CBorucki@company.pri","Chong","Chong Borucki","Company.com","San Diego","Product Development","Chong Borucki"
"GLafontain","Techmentor User","1023","Lafontain","GLafontain@company.pri","Gerald","Gerald Lafontain","Company.com","Chicago","Engineering","Gerald Lafontain"
"RRiveron","Techmentor User","1024","Riveron","RRiveron@company.pri","Russel","Russel Riveron","Company.com","New York City","Security","Russel Riveron"
"FBova","Techmentor User","1025","Bova","FBova@company.pri","Fredrick","Fredrick Bova","Company.com","Miami","Consumer Affairs","Fredrick Bova"
"SJerome","Techmentor User","1026","Jerome","SJerome@company.pri","Sandy","Sandy Jerome","Company.com","Miami","Human Resources","Sandy Jerome"
"DCianci","Techmentor User","1027","Cianci","DCianci@company.pri","Dwayne","Dwayne Cianci","Company.com","New York City","Sales","Dwayne Cianci"
"SDratch","Techmentor User","1028","Dratch","SDratch@company.pri","Stevie","Stevie Dratch","Company.com","Miami","Payroll","Stevie Dratch"
"MAbolt","Techmentor User","1029","Abolt","MAbolt@company.pri","Major","Major Abolt","Company.com","New York City","Customer Service","Major Abolt"
"DHirschfeld","Techmentor User","1030","Hirschfeld","DHirschfeld@company.pri","Donald","Donald Hirschfeld","Company.com","New York City","Physical Plant","Donald Hirschfeld"
"HLafantano","Techmentor User","1031","Lafantano","HLafantano@company.pri","Herbert","Herbert Lafantano","Company.com","New York City","Consumer Affairs","Herbert Lafantano"
"PPorterfield","Techmentor User","1032","Porterfield","PPorterfield@company.pri","Philip","Philip Porterfield","Company.com","Miami","Payroll","Philip Porterfield"
"AKaufman","Techmentor User","1033","Kaufman","AKaufman@company.pri","Antony","Antony Kaufman","Company.com","New York City","Maintenance","Antony Kaufman"
"SFunchess","Techmentor User","1034","Funchess","SFunchess@company.pri","Sebastian","Sebastian Funchess","Company.com","Chicago","Finance","Sebastian Funchess"
"WPrevite","Techmentor User","1035","Previte","WPrevite@company.pri","Weldon","Weldon Previte","Company.com","Chicago","Maintenance","Weldon Previte"
"SPalombo","Techmentor User","1036","Palombo","SPalombo@company.pri","Spencer","Spencer Palombo","Company.com","New York City","Finance Services","Spencer Palombo"
"MGeraci","Techmentor User","1037","Geraci","MGeraci@company.pri","Maxwell","Maxwell Geraci","Company.com","San Diego","Payroll","Maxwell Geraci"
"CVicsik","Techmentor User","1038","Vicsik","CVicsik@company.pri","Coleman","Coleman Vicsik","Company.com","Miami","IT","Coleman Vicsik"
"JSwartz","Techmentor User","1039","Swartz","JSwartz@company.pri","Jay","Jay Swartz","Company.com","New York City","Finance Services","Jay Swartz"
"DTarango","Techmentor User","1040","Tarango","DTarango@company.pri","Dwayne","Dwayne Tarango","Company.com","San Diego","Physical Plant","Dwayne Tarango"
"CBisignano","Techmentor User","1041","Bisignano","CBisignano@company.pri","Chauncey","Chauncey Bisignano","Company.com","Miami","Maintenance","Chauncey Bisignano"
"SReynoldson","Techmentor User","1042","Reynoldson","SReynoldson@company.pri","Scottie","Scottie Reynoldson","Company.com","New York City","Finance","Scottie Reynoldson"
"MAbramian","Techmentor User","1043","Abramian","MAbramian@company.pri","Miquel","Miquel Abramian","Company.com","New York City","Development","Miquel Abramian"
"CHasbrouck","Techmentor User","1044","Hasbrouck","CHasbrouck@company.pri","Claude","Claude Hasbrouck","Company.com","Miami","Accounting","Claude Hasbrouck"
"TClemmons","Techmentor User","1045","Clemmons","TClemmons@company.pri","Terrell","Terrell Clemmons","Company.com","New York City","Finance Services","Terrell Clemmons"
"WBrundige","Techmentor User","1046","Brundige","WBrundige@company.pri","Will","Will Brundige","Company.com","San Diego","Finance Services","Will Brundige"
"JStocke","Techmentor User","1047","Stocke","JStocke@company.pri","Jacinto","Jacinto Stocke","Company.com","New York City","Executive","Jacinto Stocke"
"CCresci","Techmentor User","1048","Cresci","CCresci@company.pri","Cruz","Cruz Cresci","Company.com","New York City","Customer Service","Cruz Cresci"
"ZDajer","Techmentor User","1049","Dajer","ZDajer@company.pri","Zachariah","Zachariah Dajer","Company.com","Chicago","Executive","Zachariah Dajer"
"BTijerina","Techmentor User","1050","Tijerina","BTijerina@company.pri","Bernie","Bernie Tijerina","Company.com","New York City","Manufacturing","Bernie Tijerina"
"TForti","Techmentor User","1051","Forti","TForti@company.pri","Tresa","Tresa Forti","Company.com","New York City","Finance Services","Tresa Forti"
"ULaglie","Techmentor User","1052","Laglie","ULaglie@company.pri","Ulrike","Ulrike Laglie","Company.com","San Diego","Development","Ulrike Laglie"
"LNieratko","Techmentor User","1053","Nieratko","LNieratko@company.pri","Lavenia","Lavenia Nieratko","Company.com","Chicago","Product Development","Lavenia Nieratko"
"LGarry","Techmentor User","1054","Garry","LGarry@company.pri","Linsey","Linsey Garry","Company.com","San Diego","Security","Linsey Garry"
"DBluming","Techmentor User","1055","Bluming","DBluming@company.pri","Dahlia","Dahlia Bluming","Company.com","San Diego","Quality Assurance","Dahlia Bluming"
"AZurin","Techmentor User","1056","Zurin","AZurin@company.pri","Aracelis","Aracelis Zurin","Company.com","San Diego","Sales","Aracelis Zurin"
"EKottraba","Techmentor User","1057","Kottraba","EKottraba@company.pri","Eddie","Eddie Kottraba","Company.com","Chicago","Finance","Eddie Kottraba"
"JDufauchard","Techmentor User","1058","Dufauchard","JDufauchard@company.pri","Janessa","Janessa Dufauchard","Company.com","New York City","Finance","Janessa Dufauchard"
"MDunnaville","Techmentor User","1059","Dunnaville","MDunnaville@company.pri","Mellisa","Mellisa Dunnaville","Company.com","New York City","Executive","Mellisa Dunnaville"
"MDelmoro","Techmentor User","1060","Delmoro","MDelmoro@company.pri","Magdalena","Magdalena Delmoro","Company.com","Chicago","Engineering","Magdalena Delmoro"
"ESpeckman","Techmentor User","1061","Speckman","ESpeckman@company.pri","Ellamae","Ellamae Speckman","Company.com","Chicago","Maintenance","Ellamae Speckman"
"TBeberwyk","Techmentor User","1062","Beberwyk","TBeberwyk@company.pri","Torri","Torri Beberwyk","Company.com","Miami","Security","Torri Beberwyk"
"JKapp","Techmentor User","1063","Kapp","JKapp@company.pri","Josefine","Josefine Kapp","Company.com","New York City","Sales","Josefine Kapp"
"IEngleby","Techmentor User","1064","Engleby","IEngleby@company.pri","Ines","Ines Engleby","Company.com","New York City","Security","Ines Engleby"
"THineman","Techmentor User","1065","Hineman","THineman@company.pri","Trudi","Trudi Hineman","Company.com","San Diego","Finance","Trudi Hineman"
"PStream","Techmentor User","1066","Stream","PStream@company.pri","Ping","Ping Stream","Company.com","San Diego","Government Sales","Ping Stream"
"SOgawa","Techmentor User","1067","Ogawa","SOgawa@company.pri","Shalonda","Shalonda Ogawa","Company.com","Chicago","Manufacturing","Shalonda Ogawa"
"LSandona","Techmentor User","1068","Sandona","LSandona@company.pri","Librada","Librada Sandona","Company.com","Miami","Security","Librada Sandona"
"KStueck","Techmentor User","1069","Stueck","KStueck@company.pri","Kathlene","Kathlene Stueck","Company.com","San Diego","Human Resources","Kathlene Stueck"
"SShamonsky","Techmentor User","1070","Shamonsky","SShamonsky@company.pri","Shonna","Shonna Shamonsky","Company.com","Miami","Government Sales","Shonna Shamonsky"
"CWalcott","Techmentor User","1071","Walcott","CWalcott@company.pri","Chaya","Chaya Walcott","Company.com","New York City","Customer Service","Chaya Walcott"
"CKiphart","Techmentor User","1072","Kiphart","CKiphart@company.pri","Christena","Christena Kiphart","Company.com","New York City","Product Development","Christena Kiphart"
"DWeig","Techmentor User","1073","Weig","DWeig@company.pri","Dulce","Dulce Weig","Company.com","Miami","Government Sales","Dulce Weig"
"BLeak","Techmentor User","1074","Leak","BLeak@company.pri","Bertha","Bertha Leak","Company.com","New York City","Security","Bertha Leak"
"LSchiveley","Techmentor User","1075","Schiveley","LSchiveley@company.pri","Lindsay","Lindsay Schiveley","Company.com","Miami","Security","Lindsay Schiveley"
"AHamlett","Techmentor User","1076","Hamlett","AHamlett@company.pri","Audra","Audra Hamlett","Company.com","Chicago","Executive","Audra Hamlett"
"MDanfield","Techmentor User","1077","Danfield","MDanfield@company.pri","Miguelina","Miguelina Danfield","Company.com","Chicago","IT","Miguelina Danfield"
"CMendez","Techmentor User","1078","Mendez","CMendez@company.pri","Coleen","Coleen Mendez","Company.com","Miami","Maintenance","Coleen Mendez"
"KBiltz","Techmentor User","1079","Biltz","KBiltz@company.pri","Kathlyn","Kathlyn Biltz","Company.com","San Diego","Government Sales","Kathlyn Biltz"
"AIuliucci","Techmentor User","1080","Iuliucci","AIuliucci@company.pri","Anne","Anne Iuliucci","Company.com","New York City","Maintenance","Anne Iuliucci"
"TMallahan","Techmentor User","1081","Mallahan","TMallahan@company.pri","Tillie","Tillie Mallahan","Company.com","Chicago","Manufacturing","Tillie Mallahan"
"EBrackins","Techmentor User","1082","Brackins","EBrackins@company.pri","Eric","Eric Brackins","Company.com","New York City","Engineering","Eric Brackins"
"EBallman","Techmentor User","1083","Ballman","EBallman@company.pri","Eloise","Eloise Ballman","Company.com","New York City","Manufacturing","Eloise Ballman"
"PBartholomew","Techmentor User","1084","Bartholomew","PBartholomew@company.pri","Portia","Portia Bartholomew","Company.com","San Diego","Accounting","Portia Bartholomew"
"DBlum","Techmentor User","1085","Blum","DBlum@company.pri","Diann","Diann Blum","Company.com","New York City","Finance Services","Diann Blum"
"SMullendore","Techmentor User","1086","Mullendore","SMullendore@company.pri","Sarita","Sarita Mullendore","Company.com","New York City","Sales","Sarita Mullendore"
"SReusser","Techmentor User","1087","Reusser","SReusser@company.pri","Selma","Selma Reusser","Company.com","San Diego","Public Affairs","Selma Reusser"
"TDunwiddie","Techmentor User","1088","Dunwiddie","TDunwiddie@company.pri","Tamika","Tamika Dunwiddie","Company.com","Miami","Accounting","Tamika Dunwiddie"
"JArender","Techmentor User","1089","Arender","JArender@company.pri","Jetta","Jetta Arender","Company.com","Miami","Engineering","Jetta Arender"
"DGalli","Techmentor User","1090","Galli","DGalli@company.pri","Deirdre","Deirdre Galli","Company.com","San Diego","Sales","Deirdre Galli"
"MCoutu","Techmentor User","1091","Coutu","MCoutu@company.pri","Marion","Marion Coutu","Company.com","Chicago","Payroll","Marion Coutu"
"FTestman","Techmentor User","1092","Testman","FTestman@company.pri","Fredda","Fredda Testman","Company.com","Chicago","Marketing","Fredda Testman"
"LEttel","Techmentor User","1093","Ettel","LEttel@company.pri","Lorie","Lorie Ettel","Company.com","Miami","Development","Lorie Ettel"
"SLorimer","Techmentor User","1094","Lorimer","SLorimer@company.pri","Santina","Santina Lorimer","Company.com","Chicago","Customer Service","Santina Lorimer"
"TLamoreux","Techmentor User","1095","Lamoreux","TLamoreux@company.pri","Treena","Treena Lamoreux","Company.com","San Diego","Public Affairs","Treena Lamoreux"
"LMeader","Techmentor User","1096","Meader","LMeader@company.pri","Leah","Leah Meader","Company.com","Chicago","Engineering","Leah Meader"
"LZipse","Techmentor User","1097","Zipse","LZipse@company.pri","Larry","Larry Zipse","Company.com","New York City","Executive","Larry Zipse"
"HBeckes","Techmentor User","1098","Beckes","HBeckes@company.pri","Helena","Helena Beckes","Company.com","New York City","Public Affairs","Helena Beckes"
"ASimao","Techmentor User","1099","Simao","ASimao@company.pri","Ashli","Ashli Simao","Company.com","Chicago","Government Sales","Ashli Simao"
"EKruskie","Techmentor User","1100","Kruskie","EKruskie@company.pri","Evette","Evette Kruskie","Company.com","Chicago","Executive","Evette Kruskie"
